,Accuracy,Precision,Recall,[No. Features],[Time Taken for Training],[Class Balance - Attack/Normal]
0,0.9947262682069312,0.9410029498525073,0.996875,10,80.44284081459045,0.08738394320043692
