,Accuracy,Precision,Recall,[No. Features],[Time Taken for Training],[Class Balance - Attack/Normal]
0,0.9593178549414424,0.983502538071066,0.8072916666666666,10,126.89405536651611,0.24583973374295956
