,Accuracy,Precision,Recall,[No. Features],[Time Taken for Training],[Class Balance - Attack/Normal]
0,0.9658463083877449,0.9893617021276596,0.58125,2,84.6100685596466,0.08738394320043692
