,Accuracy,Precision,Recall,[No. Features],[Time Taken for Training],[Class Balance - Attack/Normal]
0,0.8888432299157591,0.6399465597862392,0.9979166666666667,3,131.72669124603271,0.24583973374295956
