,Accuracy,Precision,Recall,[No. Features],[Time Taken for Training],[Class Balance - Attack/Normal]
0,0.9668508287292817,0.9947368421052631,0.590625,4,112.12985587120056,0.08738394320043692
