,Accuracy,Precision,Recall,[No. Features],[Time Taken for Training],[Class Balance - Attack/Normal]
0,0.9245942058763098,0.9966499162479062,0.6197916666666666,4,138.53378653526306,0.24583973374295956
