,Accuracy,Precision,Recall,[No. Features],[Time Taken for Training],[Class Balance - Attack/Normal]
0,0.9973289500719129,0.9886480908152735,0.9979166666666667,5,137.5368423461914,0.24583973374295956
