,Accuracy,Precision,Recall,[No. Features],[Time Taken for Training],[Class Balance - Attack/Normal]
0,0.9959819186338523,0.9550898203592815,0.996875,7,119.5708122253418,0.08738394320043692
