,Accuracy,Precision,Recall,[No. Features],[Time Taken for Training],[Class Balance - Attack/Normal]
0,0.9969180193137457,0.9876160990712074,0.996875,8,115.10431504249573,0.24583973374295956
